,trial_num,image,is_repeat,type,Image Index,Block
0,1,T4_1,False,target,Filler-756,13
1,2,T4_3,False,target,Filler-1943,13
2,3,F_S18,False,filler,Filler-5469,13
3,4,F_S9,False,filler,Filler-5312,13
4,5,T4_15,False,target,Filler-180,13
5,6,T2_7,False,target,Filler-6110,13
6,7,F_S5,False,filler,Filler-5258,13
7,8,T1_1,False,target,Filler-358,13
8,9,T4_9,False,target,Filler-5741,13
9,10,T2_8,False,target,Filler-624,13
10,11,F_R4,False,filler,Target-1720,13
11,12,F_R4,True,filler,Target-1720,13
12,13,T3_2,False,target,Filler-2584,13
13,14,T4_5,False,target,Target-100,13
14,15,T4_10,False,target,Filler-2883,13
15,16,T2_15,False,target,Filler-5957,13
16,17,F_S3,False,filler,Filler-5248,13
17,18,F_S13,False,filler,Filler-5338,13
18,19,T2_1,False,target,Filler-7486,13
19,20,T2_11,False,target,Target-673,13
20,21,F_S20,False,filler,Filler-5527,13
21,22,T4_3,True,target,Filler-1943,13
22,23,T3_3,False,target,Filler-1664,13
23,24,T2_2,False,target,Filler-6381,13
24,25,T1_15,False,target,Filler-426,13
25,26,T1_7,False,target,Filler-7963,13
26,27,T3_8,False,target,Target-1021,13
27,28,T4_6,False,target,Filler-366,13
28,29,T2_5,False,target,Target-1322,13
29,30,T4_1,True,target,Filler-756,13
30,31,F_S4,False,filler,Filler-5252,13
31,32,F_S6,False,filler,Filler-5287,13
32,33,T2_13,False,target,Filler-4460,13
33,34,T3_2,True,target,Filler-2584,13
34,35,T1_1,True,target,Filler-358,13
35,36,T4_13,False,target,Filler-5531,13
36,37,T2_7,True,target,Filler-6110,13
37,38,T2_8,True,target,Filler-624,13
38,39,T4_5,True,target,Target-100,13
39,40,F_S15,False,filler,Filler-5346,13
40,41,T2_15,True,target,Filler-5957,13
41,42,T4_10,True,target,Filler-2883,13
42,43,T4_12,False,target,Filler-5605,13
43,44,T4_15,True,target,Filler-180,13
44,45,T2_2,True,target,Filler-6381,13
45,46,T2_1,True,target,Filler-7486,13
46,47,T2_3,False,target,Filler-3170,13
47,48,T4_9,True,target,Filler-5741,13
48,49,T3_12,False,target,Filler-6435,13
49,50,T3_14,False,target,Target-1458,13
50,51,T1_2,False,target,Filler-824,13
51,52,T2_11,True,target,Target-673,13
52,53,F_R2,False,filler,Target-1688,13
53,54,F_R2,True,filler,Target-1688,13
54,55,T3_15,False,target,Filler-6188,13
55,56,T1_7,True,target,Filler-7963,13
56,57,T4_11,False,target,Filler-511,13
57,58,T2_4,False,target,Target-675,13
58,59,T3_10,False,target,Filler-6863,13
59,60,T3_8,True,target,Target-1021,13
60,61,T3_1,False,target,Filler-4621,13
61,62,T2_13,True,target,Filler-4460,13
62,63,T3_3,True,target,Filler-1664,13
63,64,T2_5,True,target,Target-1322,13
64,65,T1_15,True,target,Filler-426,13
65,66,T4_6,True,target,Filler-366,13
66,67,T1_10,False,target,Target-609,13
67,68,T3_6,False,target,Filler-903,13
68,69,T3_11,False,target,Filler-4507,13
69,70,T1_9,False,target,Filler-15,13
70,71,T1_2,True,target,Filler-824,13
71,72,T4_2,False,target,Target-1179,13
72,73,F_R3,False,filler,Target-1715,13
73,74,T3_12,True,target,Filler-6435,13
74,75,T4_13,True,target,Filler-5531,13
75,76,F_R3,True,filler,Target-1715,13
76,77,T4_12,True,target,Filler-5605,13
77,78,T1_5,False,target,Filler-1159,13
78,79,T2_4,True,target,Target-675,13
79,80,T2_3,True,target,Filler-3170,13
80,81,T4_4,False,target,Filler-7840,13
81,82,T3_14,True,target,Target-1458,13
82,83,T3_5,False,target,Filler-6285,13
83,84,T1_11,False,target,Filler-7517,13
84,85,F_S11,False,filler,Filler-5328,13
85,86,T2_12,False,target,Filler-2539,13
86,87,T1_4,False,target,Filler-68,13
87,88,T1_6,False,target,Filler-656,13
88,89,T3_10,True,target,Filler-6863,13
89,90,T1_13,False,target,Target-1988,13
90,91,T3_11,True,target,Filler-4507,13
91,92,T3_15,True,target,Filler-6188,13
92,93,T4_11,True,target,Filler-511,13
93,94,T4_14,False,target,Filler-4684,13
94,95,T2_10,False,target,Filler-7460,13
95,96,T3_6,True,target,Filler-903,13
96,97,T1_10,True,target,Target-609,13
97,98,T3_1,True,target,Filler-4621,13
98,99,T4_2,True,target,Target-1179,13
99,100,T2_6,False,target,Filler-1569,13
100,101,T1_5,True,target,Filler-1159,13
101,102,T4_7,False,target,Filler-1929,13
102,103,F_S10,False,filler,Filler-5317,13
103,104,T1_8,False,target,Filler-4687,13
104,105,T3_7,False,target,Filler-1828,13
105,106,T1_3,False,target,Target-1306,13
106,107,T4_8,False,target,Target-1292,13
107,108,T4_4,True,target,Filler-7840,13
108,109,T1_9,True,target,Filler-15,13
109,110,T3_13,False,target,Target-270,13
110,111,T2_14,False,target,Filler-2138,13
111,112,T3_5,True,target,Filler-6285,13
112,113,T2_12,True,target,Filler-2539,13
113,114,T3_9,False,target,Target-479,13
114,115,T3_4,False,target,Filler-5543,13
115,116,T2_9,False,target,Filler-2084,13
116,117,T1_14,False,target,Filler-2269,13
117,118,T1_12,False,target,Filler-7648,13
118,119,F_R5,False,filler,Target-1769,13
119,120,T1_6,True,target,Filler-656,13
120,121,F_R5,True,filler,Target-1769,13
121,122,F_S14,False,filler,Filler-5339,13
122,123,T4_7,True,target,Filler-1929,13
123,124,T1_11,True,target,Filler-7517,13
124,125,T1_13,True,target,Target-1988,13
125,126,F_S7,False,filler,Filler-5289,13
126,127,T1_4,True,target,Filler-68,13
127,128,F_S16,False,filler,Filler-5398,13
128,129,T4_14,True,target,Filler-4684,13
129,130,F_S19,False,filler,Filler-5486,13
130,131,T1_8,True,target,Filler-4687,13
131,132,T4_8,True,target,Target-1292,13
132,133,T3_7,True,target,Filler-1828,13
133,134,T1_3,True,target,Target-1306,13
134,135,T2_10,True,target,Filler-7460,13
135,136,F_S12,False,filler,Filler-5334,13
136,137,F_R1,False,filler,Target-1649,13
137,138,T2_6,True,target,Filler-1569,13
138,139,T2_9,True,target,Filler-2084,13
139,140,F_R1,True,filler,Target-1649,13
140,141,F_S8,False,filler,Filler-5309,13
141,142,T3_13,True,target,Target-270,13
142,143,T2_14,True,target,Filler-2138,13
143,144,F_S2,False,filler,Filler-5243,13
144,145,F_S17,False,filler,Filler-5439,13
145,146,T1_14,True,target,Filler-2269,13
146,147,T3_4,True,target,Filler-5543,13
147,148,F_S1,False,filler,Filler-5240,13
148,149,T1_12,True,target,Filler-7648,13
149,150,T3_9,True,target,Target-479,13
